RMSE,MAE,R2
933.1512813677313,62.58874959654644,0.9999959131724263
10218.344258095032,448.19487126270747,0.9995099467638211
5713.273787461684,2513.103516807815,0.9998468022896846
